{
	"credit": "Made with Blockbench",
	"ambientocclusion": false,
	"texture_size": [32, 32],
	"textures": {
		"0": "custom/models/leprechaun_hat",
		"particle": "custom/models/leprechaun_hat"
	},
	"elements": [
		{
			"from": [0, 0, 0],
			"to": [16, 0, 16],
			"faces": {
				"north": {"uv": [0, 0, 8, 0], "texture": "#missing"},
				"east": {"uv": [0, 0, 8, 0], "texture": "#missing"},
				"south": {"uv": [0, 0, 8, 0], "texture": "#missing"},
				"west": {"uv": [0, 0, 8, 0], "texture": "#missing"},
				"up": {"uv": [0, 8, 8, 16], "texture": "#0"},
				"down": {"uv": [0, 16, 8, 8], "texture": "#0"}
			}
		},
		{
			"from": [3, 0, 3],
			"to": [13, 11, 13],
			"faces": {
				"north": {"uv": [6, 0, 11, 5.5], "texture": "#0"},
				"east": {"uv": [11, 5.5, 16, 11], "texture": "#0"},
				"south": {"uv": [11, 0, 16, 5.5], "texture": "#0"},
				"west": {"uv": [16, 5.5, 11, 11], "texture": "#0"},
				"up": {"uv": [1, 0, 6, 5], "texture": "#0"},
				"down": {"uv": [0, 0, 0.5, 0.5], "texture": "#0"}
			}
		}
	],
	"gui_light": "front",
	"display": {
		"thirdperson_righthand": {
			"rotation": [-118.27, 38.68, 155.79],
			"translation": [-0.5, 3.75, 2.5],
			"scale": [0.55, 0.55, 0.55]
		},
		"thirdperson_lefthand": {
			"rotation": [-118.27, 38.68, 155.79],
			"translation": [-0.5, 3.75, 2.5],
			"scale": [0.55, 0.55, 0.55]
		},
		"firstperson_righthand": {
			"rotation": [35, 103, -45],
			"translation": [0, 5, 1],
			"scale": [0.4, 0.4, 0.4]
		},
		"firstperson_lefthand": {
			"rotation": [35, 103, -45],
			"translation": [0, 5, 1],
			"scale": [0.4, 0.4, 0.4]
		},
		"ground": {
			"rotation": [21.24, -2.53, -13.51],
			"translation": [0, 5.25, 0],
			"scale": [0.5, 0.5, 0.5]
		},
		"gui": {
			"rotation": [-168.83, 56.01, -150.03],
			"translation": [1, 1.75, 0],
			"scale": [0.6, 0.6, 0.6]
		},
		"head": {
			"rotation": [4.25, 0, 0],
			"translation": [0, 16.75, 1],
			"scale": [1.6, 1.6, 1.6]
		},
		"fixed": {
			"rotation": [-90, 0, 0],
			"translation": [0, 0, -8.25]
		}
	},
	"groups": [
		{
			"name": "core",
			"origin": [8, 8, 8],
			"color": 0,
			"children": [0, 1]
		}
	]
}