{
	"parent": "item/generated",
	"textures": {
		"layer0": "item/echo_shard"
	},
	
	"overrides": [
		{"predicate": {"custom_model_data":1}, "model": "item/custom/shard_2"},
		{"predicate": {"custom_model_data":2}, "model": "item/custom/shard_3"},
		{"predicate": {"custom_model_data":3}, "model": "item/custom/shard_4"},
		{"predicate": {"custom_model_data":4}, "model": "item/custom/shard_5"},
		{"predicate": {"custom_model_data":5}, "model": "item/custom/shard_6"},
		{"predicate": {"custom_model_data":6}, "model": "item/custom/shard_7"},
		{"predicate": {"custom_model_data":7}, "model": "item/custom/shard_8"}
	]
}