{
	"credit": "Made with Blockbench",
	"ambientocclusion": false,
	"texture_size": [128, 128],
	"textures": {
		"0": "custom/models/spawn_interactive",
		"particle": "custom/models/spawn_interactive"
	},
	"elements": [
		{
			"from": [-8, 0, -8],
			"to": [24, 32, 24],
			"rotation": {"angle": -22.5, "axis": "x", "origin": [8, 16, 8]},
			"faces": {
				"north": {"uv": [0, 0, 4, 4], "texture": "#0"},
				"east": {"uv": [0, 0, 4, 4], "texture": "#0"},
				"south": {"uv": [0, 0, 4, 4], "texture": "#0"},
				"west": {"uv": [0, 0, 4, 4], "texture": "#0"},
				"up": {"uv": [4, 4, 0, 0], "texture": "#0"},
				"down": {"uv": [4, 0, 0, 4], "texture": "#0"}
			}
		},
		{
			"from": [-16, 12, -16],
			"to": [32, 19, -16],
			"rotation": {"angle": -22.5, "axis": "x", "origin": [8, 16, 8]},
			"faces": {
				"north": {"uv": [10, 0, 16, 0.875], "texture": "#0"},
				"east": {"uv": [10, 0, 16, 0.875], "texture": "#0"},
				"south": {"uv": [10, 0, 16, 0.875], "texture": "#0"},
				"west": {"uv": [10, 0.125, 16, 1], "texture": "#0"},
				"up": {"uv": [0, 10, 6, 16], "texture": "#0"},
				"down": {"uv": [0, 10, 6, 16], "texture": "#0"}
			}
		},
		{
			"from": [-16, 12, -16],
			"to": [-16, 19, 32],
			"rotation": {"angle": -22.5, "axis": "x", "origin": [8, 16, 8]},
			"faces": {
				"north": {"uv": [10, 0, 16, 0.875], "texture": "#0"},
				"east": {"uv": [10, 0, 16, 0.875], "texture": "#0"},
				"south": {"uv": [10, 0, 16, 0.875], "texture": "#0"},
				"west": {"uv": [10, 0, 16, 0.875], "texture": "#0"},
				"up": {"uv": [0, 10, 6, 16], "texture": "#0"},
				"down": {"uv": [0, 10, 6, 16], "texture": "#0"}
			}
		},
		{
			"from": [-16, 12, 32],
			"to": [32, 19, 32],
			"rotation": {"angle": -22.5, "axis": "x", "origin": [8, 16, 8]},
			"faces": {
				"north": {"uv": [10, 0, 16, 0.875], "texture": "#0"},
				"east": {"uv": [10, 0, 16, 0.875], "texture": "#0"},
				"south": {"uv": [10, 0, 16, 0.875], "texture": "#0"},
				"west": {"uv": [10, 0.125, 16, 1], "texture": "#0"},
				"up": {"uv": [0, 10, 6, 16], "texture": "#0"},
				"down": {"uv": [0, 10, 6, 16], "texture": "#0"}
			}
		},
		{
			"from": [32, 12, -16],
			"to": [32, 19, 32],
			"rotation": {"angle": -22.5, "axis": "x", "origin": [8, 16, 8]},
			"faces": {
				"north": {"uv": [10, 0, 16, 0.875], "texture": "#0"},
				"east": {"uv": [10, 0, 16, 0.875], "texture": "#0"},
				"south": {"uv": [10, 0, 16, 0.875], "texture": "#0"},
				"west": {"uv": [10, 0, 16, 0.875], "texture": "#0"},
				"up": {"uv": [0, 10, 6, 16], "texture": "#0"},
				"down": {"uv": [0, 10, 6, 16], "texture": "#0"}
			}
		}
	],
	"display": {
		"ground": {
			"translation": [0, -2.75, 0]
		}
	},
	"groups": [
		{
			"name": "core",
			"origin": [8, 8, 8],
			"color": 0,
			"children": [0, 1, 2, 3, 4]
		}
	]
}