{
	"parent": "item/generated",
	"textures": {
		"layer0": "item/paper"
	},
	
	"overrides": [
		{"predicate": {"custom_model_data":1}, "model": "item/custom/common_key"},
		{"predicate": {"custom_model_data":2}, "model": "item/custom/rare_key"},
		{"predicate": {"custom_model_data":3}, "model": "item/custom/valentines_key"},
		{"predicate": {"custom_model_data":4}, "model": "item/custom/legendary_key"},
		{"predicate": {"custom_model_data":5}, "model": "item/custom/leprechaun_key"}
	]
}