{
	"credit": "Made with Blockbench",
	"ambientocclusion": false,
	"texture_size": [32, 32],
	"textures": {
		"0": "custom/models/valentines_hat",
		"particle": "custom/models/valentines_hat"
	},
	"elements": [
		{
			"from": [-4, 0, 8],
			"to": [20, 15, 8],
			"faces": {
				"north": {"uv": [4, 8.5, 16, 16], "texture": "#0"},
				"east": {"uv": [0, 0, 0, 7.5], "texture": "#0"},
				"south": {"uv": [16, 8.5, 4, 16], "texture": "#0"},
				"west": {"uv": [0, 0, 0, 7.5], "texture": "#0"},
				"up": {"uv": [0, 0, 8, 0], "texture": "#0"},
				"down": {"uv": [0, 0, 8, 0], "texture": "#0"}
			}
		}
	],
	"gui_light": "front",
	"display": {
		"thirdperson_righthand": {
			"rotation": [-118.27, 38.68, 155.79],
			"translation": [1.5, -0.75, 1.75],
			"scale": [0.55, 0.55, 0.55]
		},
		"thirdperson_lefthand": {
			"rotation": [-118.27, 38.68, 155.79],
			"translation": [1.5, -0.75, 1.75],
			"scale": [0.55, 0.55, 0.55]
		},
		"firstperson_righthand": {
			"rotation": [0, 145, 0],
			"translation": [0, 1, 0],
			"scale": [0.4, 0.4, 0.4]
		},
		"firstperson_lefthand": {
			"rotation": [0, -45, 0],
			"translation": [0, 1, 0],
			"scale": [0.4, 0.4, 0.4]
		},
		"ground": {
			"translation": [0, 2, 0],
			"scale": [0.5, 0.5, 0.5]
		},
		"gui": {
			"rotation": [143.36, 20.55, -142.52],
			"translation": [0.75, 0, 0],
			"scale": [0.8, 0.8, 0.8]
		},
		"head": {
			"translation": [-2.25, 1.75, 0],
			"scale": [1.6, 1.6, 1.6]
		}
	},
	"groups": [
		{
			"name": "core",
			"origin": [8, 8, 8],
			"color": 0,
			"children": [0]
		}
	]
}